<?xml version="1.0" encoding="UTF-8"?>
<actions>
<action>
	<icon>utilities-terminal</icon>
	<name>Open Terminal Here</name>
	<submenu></submenu>
	<unique-id>1743647634697588-1</unique-id>
	<command>x-terminal-emulator --working-directory=%f</command>
	<description>open terminal (current folder)</description>
	<range></range>
	<patterns>*</patterns>
	<startup-notify/>
	<directories/>
</action>
<action>
	<icon>python</icon>
	<name>Run Python Script in Terminal</name>
	<submenu></submenu>
	<unique-id>1746074464974703-1</unique-id>
	<command>x-terminal-emulator -e chmod +x %f &amp;&amp; python3 %f</command>
	<description>Run Python Script with Python3 in Terminal</description>
	<range>*</range>
	<patterns>*.py</patterns>
	<text-files/>
</action>
<action>
	<icon>utilities-terminal</icon>
	<name>Run Shell Script in Terminal</name>
	<submenu></submenu>
	<unique-id>1746115105957399-1</unique-id>
	<command>x-terminal-emulator -e chmod +x %f &amp;&amp; bash %f</command>
	<description>Run Shell Script in Terminal</description>
	<range>*</range>
	<patterns>*.sh</patterns>
	<text-files/>
</action>
</actions>
